username,password
satya,satya
admin,admin
user1,passw0rd
user2,passw0rd
user3,passw0rd
user4,passw0rd
user5,passw0rd
user6,passw0rd
user7,passw0rd
user8,passw0rd
user9,passw0rd
user10,passw0rd
user11,passw0rd
user12,passw0rd
user13,passw0rd
user14,passw0rd
user15,passw0rd
user16,passw0rd
user17,passw0rd
user18,passw0rd
user19,passw0rd
user20,passw0rd
user21,passw0rd
user22,passw0rd
user23,passw0rd
user24,passw0rd
user25,passw0rd
user26,passw0rd
user27,passw0rd
user28,passw0rd
user29,passw0rd
user30,passw0rd
user31,passw0rd
user32,passw0rd
user33,passw0rd
user34,passw0rd
user35,passw0rd
user36,passw0rd
user37,passw0rd
user38,passw0rd
user39,passw0rd
user40,passw0rd
user41,passw0rd
user42,passw0rd
user43,passw0rd
user44,passw0rd
user45,passw0rd
user46,passw0rd
user47,passw0rd
user48,passw0rd
user49,passw0rd
user50,passw0rd
user51,passw0rd
user52,passw0rd
user53,passw0rd
user54,passw0rd
user55,passw0rd
user56,passw0rd
user57,passw0rd
user58,passw0rd
user59,passw0rd
user60,passw0rd
user61,passw0rd
user62,passw0rd
user63,passw0rd
user64,passw0rd
user65,passw0rd
user66,passw0rd
user67,passw0rd
user68,passw0rd
user69,passw0rd
user70,passw0rd
user71,passw0rd
user72,passw0rd
user73,passw0rd
user74,passw0rd
user75,passw0rd
user76,passw0rd
user77,passw0rd
user78,passw0rd
user79,passw0rd
user80,passw0rd
user81,passw0rd
user82,passw0rd
user83,passw0rd
user84,passw0rd
user85,passw0rd
user86,passw0rd
user87,passw0rd
user88,passw0rd
user89,passw0rd
user90,passw0rd
user91,passw0rd
user92,passw0rd
user93,passw0rd
user94,passw0rd
user95,passw0rd
user96,passw0rd
user97,passw0rd
user98,passw0rd